{
  "02 Login" : {
    "transaction" : "02 Login",
    "sampleCount" : 1,
    "errorCount" : 0,
    "errorPct" : 0.0,
    "meanResTime" : 27.0,
    "medianResTime" : 27.0,
    "minResTime" : 27.0,
    "maxResTime" : 27.0,
    "pct1ResTime" : 27.0,
    "pct2ResTime" : 27.0,
    "pct3ResTime" : 27.0,
    "throughput" : 37.03703703703704,
    "receivedKBytesPerSec" : 13.237847222222223,
    "sentKBytesPerSec" : 8.355034722222221
  },
  "Total" : {
    "transaction" : "Total",
    "sampleCount" : 1002,
    "errorCount" : 0,
    "errorPct" : 0.0,
    "meanResTime" : 2538.1067864271445,
    "medianResTime" : 1930.0,
    "minResTime" : 27.0,
    "maxResTime" : 13704.0,
    "pct1ResTime" : 4832.7,
    "pct2ResTime" : 6665.099999999996,
    "pct3ResTime" : 9456.820000000003,
    "throughput" : 17.16488222698073,
    "receivedKBytesPerSec" : 6.39236482869379,
    "sentKBytesPerSec" : 8.773738624197001
  },
  "03 Submit Apply" : {
    "transaction" : "03 Submit Apply",
    "sampleCount" : 1000,
    "errorCount" : 0,
    "errorPct" : 0.0,
    "meanResTime" : 2543.001000000005,
    "medianResTime" : 1933.0,
    "minResTime" : 317.0,
    "maxResTime" : 13704.0,
    "pct1ResTime" : 4832.9,
    "pct2ResTime" : 6669.699999999997,
    "pct3ResTime" : 9458.94,
    "throughput" : 18.09954751131222,
    "receivedKBytesPerSec" : 6.7414451357466065,
    "sentKBytesPerSec" : 9.261877828054299
  },
  "01 Send Code" : {
    "transaction" : "01 Send Code",
    "sampleCount" : 1,
    "errorCount" : 0,
    "errorPct" : 0.0,
    "meanResTime" : 155.0,
    "medianResTime" : 155.0,
    "minResTime" : 155.0,
    "maxResTime" : 155.0,
    "pct1ResTime" : 155.0,
    "pct2ResTime" : 155.0,
    "pct3ResTime" : 155.0,
    "throughput" : 6.451612903225806,
    "receivedKBytesPerSec" : 2.1421370967741935,
    "sentKBytesPerSec" : 1.436491935483871
  }
}