{
  "02 Login" : {
    "transaction" : "02 Login",
    "sampleCount" : 1,
    "errorCount" : 0,
    "errorPct" : 0.0,
    "meanResTime" : 24.0,
    "medianResTime" : 24.0,
    "minResTime" : 24.0,
    "maxResTime" : 24.0,
    "pct1ResTime" : 24.0,
    "pct2ResTime" : 24.0,
    "pct3ResTime" : 24.0,
    "throughput" : 41.666666666666664,
    "receivedKBytesPerSec" : 14.892578125,
    "sentKBytesPerSec" : 9.3994140625
  },
  "Total" : {
    "transaction" : "Total",
    "sampleCount" : 1002,
    "errorCount" : 0,
    "errorPct" : 0.0,
    "meanResTime" : 289.2874251497001,
    "medianResTime" : 281.0,
    "minResTime" : 24.0,
    "maxResTime" : 673.0,
    "pct1ResTime" : 431.0,
    "pct2ResTime" : 481.0,
    "pct3ResTime" : 546.8500000000001,
    "throughput" : 87.77923784494087,
    "receivedKBytesPerSec" : 27.248446397284276,
    "sentKBytesPerSec" : 44.86789243867718
  },
  "03 Submit Apply" : {
    "transaction" : "03 Submit Apply",
    "sampleCount" : 1000,
    "errorCount" : 0,
    "errorPct" : 0.0,
    "meanResTime" : 289.75499999999965,
    "medianResTime" : 281.0,
    "minResTime" : 88.0,
    "maxResTime" : 673.0,
    "pct1ResTime" : 431.0,
    "pct2ResTime" : 481.0,
    "pct3ResTime" : 546.95,
    "throughput" : 96.99321047526672,
    "receivedKBytesPerSec" : 30.101994422890396,
    "sentKBytesPerSec" : 49.63324442289039
  },
  "01 Send Code" : {
    "transaction" : "01 Send Code",
    "sampleCount" : 1,
    "errorCount" : 0,
    "errorPct" : 0.0,
    "meanResTime" : 87.0,
    "medianResTime" : 87.0,
    "minResTime" : 87.0,
    "maxResTime" : 87.0,
    "pct1ResTime" : 87.0,
    "pct2ResTime" : 87.0,
    "pct3ResTime" : 87.0,
    "throughput" : 11.494252873563218,
    "receivedKBytesPerSec" : 3.8164511494252875,
    "sentKBytesPerSec" : 2.5592672413793105
  }
}